inventory_number,album,table,subject,place,is_existing,author,directions,link,id,notes,latitude,longitude
219512,Album 7,77,Inizio del Pubblico Passeggio verso Porta Imolese,Faenza,si,Romolo Liverani,attuale Parco della Rocca,https://bbcc.regione.emilia-romagna.it/pater/loadcard.do?id_card=205370#,205370,,44.28942,11.87452
219591,Album 10bis,26,Strada sotto il Carmine,Faenza,no,Romolo Liverani,attuale tratto di via Lapi,https://bbcc.regione.emilia-romagna.it/pater/loadcard.do?id_card=231979#,231979,,,
219514,Album 7,79,Veduta esterna di Porta Montanara,Faenza,si,Romolo Liverani,attuale viale Marconi,https://bbcc.regione.emilia-romagna.it/pater/loadcard.do?id_card=205373#,205373,,,
219478,Album 7,42,Veduta interna di porta Montanara,Faenza,si,Romolo Liverani,"c.so Matteotti, visibili le arcate del Portico dei pellegrini",https://bbcc.regione.emilia-romagna.it/pater/loadcard.do?id_card=205274#,205274,,,
219493,Album 7,58,Fontanone,Faenza,si,Romolo Liverani,"Caffe sul Pubblico Passeggio",https://bbcc.regione.emilia-romagna.it/pater/loadcard.do?id_card=205305#,205305,,,
219445,Album 7,9,Villa Zavoli detta Serra,Castel Bolognese,si,Romolo Liverani,"Capanno di villa Zavoli detta Serra, fuori Faenza",https://bbcc.regione.emilia-romagna.it/pater/loadcard.do?id_card=205791,205156,,,
219599,Album 10bis,34,"Casa Colonica, Scaletta",Faenza,,,Casa colonica dietro al vicolo detto Scaletta dei Cappuccini prima del rio della Cerchia,https://bbcc.regione.emilia-romagna.it/pater/loadcard.do?id_card=232003#,232003,,,
219604,Album 10bis,39,Oratorio di San Giorgio,Faenza,,Romolo Liverani,Chiesa di San Giorgio fuori la porta delle Chiavi del Borgo Durbecco,https://bbcc.regione.emilia-romagna.it/pater/loadcard.do?id_card=232034#,232034,http://www.historiafaentina.it/Monumenti/oratorio_san_giorgio.html,44.27915,11.90078
219608,Album 10bis,45,Villa Gessi,Faenza,,Romolo Liverani,Chiesina e cancello d'entrata alla villa Gessi a Sarna,https://bbcc.regione.emilia-romagna.it/pater/loadcard.do?id_card=232041,232041,,44.24956,11.84391
219461,Album 7,25,Secondo chiostro dell’Osservanza,Faenza,si,Romolo Liverani,Cimitero,https://bbcc.regione.emilia-romagna.it/pater/loadcard.do?id_card=205209#,205209,,44.28025,11.87193
219510,Album 7,75,Loggiato Infantini,Faenza,si,Romolo Liverani,corso Mazzini angolo via Cavour,https://bbcc.regione.emilia-romagna.it/pater/loadcard.do?id_card=205359#,205359,,,
219483,Album 7,47,Atrio del pubblico Ginnasio,Faenza,si,Romolo Liverani,"cortile Biblioteca",https://bbcc.regione.emilia-romagna.it/pater/loadcard.do?id_card=205115#,205115,,,
219455,Album 7,19,Secondo chiostro dei Servi,Faenza,si,Romolo Liverani,cortile Biblioteca Comunale,https://bbcc.regione.emilia-romagna.it/pater/loadcard.do?id_card=205103#,205103,,44.28433,11.88532
219456,Album 7,20,Primo chiostro dei Servi,Faenza,si,Romolo Liverani,cortile Biblioteca Comunale,https://bbcc.regione.emilia-romagna.it/pater/loadcard.do?id_card=204985#,204985,,44.28433,11.88532
219199,Album 6,48,Veduta del pozzo nel Convento dei Frati della Osservanza Faenza,Faenza,si,Tancredi Liverani,Cortile dell'Osservanza,,,,44.28025,11.87193
219603,Album 10bis,38,Osservanza,Faenza,,Romolo Liverani,Cortile e portico del pozzo grande nell'ex convento dell'Osservanza,https://bbcc.regione.emilia-romagna.it/pater/loadcard.do?id_card=232024#,232024,,44.28025,11.87193
1235,Album 8,3,Rocca di Brisighella,Brisighella,si,Romolo Liverani,Cortile interno della Rocca di Brisighella,https://bbcc.regione.emilia-romagna.it/pater/loadcard.do?id_card=230335#,230335,,44.22467,11.77073
219611,Album 10bis,48,Casa dei Zauli Naldi,Faenza,,Romolo Liverani,Cortiletto nella casa dei signori Zauli Naldi detta Casa Vecchia,https://bbcc.regione.emilia-romagna.it/pater/loadcard.do?id_card=232049#,232049,,,
219473,Album 7,37,Esterno di Porta Montanara,Faenza,no,Romolo Liverani,Distrutta nel 1944,https://bbcc.regione.emilia-romagna.it/pater/loadcard.do?id_card=205260#,205260,,,
219490,Album 7,55,Porta Imolese,Faenza,no,Romolo Liverani,distrutta nel 1944,https://bbcc.regione.emilia-romagna.it/pater/loadcard.do?id_card=205301#,205301,   ,44.28942,11.87452
219481,Album 7,46,Porta Ravegnana,Faenza,no,Romolo Liverani,fu demolita nel 1870,https://bbcc.regione.emilia-romagna.it/pater/loadcard.do?id_card=205279#,205279,,,
219443,Album 7,7,Villa Zavoli detta Serra,Castel Bolognese,si,Romolo Liverani,"Giardino della villa Zavoli detta Serra, fuori Faenza",https://bbcc.regione.emilia-romagna.it/pater/loadcard.do?id_card=205146#,205146,,,
219517,Album 11,1,Santa Maria ad Nives,Faenza,si,Romolo Liverani,Il campanile daneggiato durante 1944,,,,,
219210,Album 6,65,Veduta del Fontanone Faenza,Faenza,si,Tancredi Liverani,Il Fontanone,,,,44.2884,11.87161
219128,Album 5,8,Interno di un teatro,Faenza,,Romolo Liverani,Indicato come il teatro di Faenza in vecchio inventario,https://bbcc.regione.emilia-romagna.it/pater/loadcard.do?id_card=212122#,212122,,44.28554,11.88208
219605,Album 10bis,40,Interno dell'ex chiesa di Santa Croce,Faenza,,Romolo Liverani,Interno dell'ex chiesa di Santa Croce adibita ad osteria di casa Zauli Naldi detta la Pagnocca,https://bbcc.regione.emilia-romagna.it/pater/loadcard.do?id_card=232036#,232036,,44.28464,11.88275
PA1884,Album 14,21,Porta Ponte in Faenza sotto le mura di S. Ippollito,Faenza,,Romolo Liverani,la Porta è distrutta ma riconoscibili le mura,,,,,
219610,Album 10bis,47,Villa dell'avvocato Giovanni Foschi,Faenza,,Romolo Liverani,Laghetto della villa dell'avvocato Giovanni Foschi,https://bbcc.regione.emilia-romagna.it/pater/loadcard.do?id_card=232048#,232048,,,
219497,Album 7,62,Esterno di Porta delle Chiavi,Faenza,no,Romolo Liverani,modificato,https://bbcc.regione.emilia-romagna.it/pater/loadcard.do?id_card=205315#,205315,,,
219226,Album 6,89,"Il monumento al Vescovo Pasi già nel fianco della chiesa dei Servi ed ora all'Osservanza, opera di Pietro Barilotti (incompiuto) senza numero",Faenza,no,Tancredi Liverani,Monumento del vescovo Pasi nella cappella del cimitero  Osservanza,,,,44.28025,11.87193
219218,Album 6,80,Veduta del Mulino Batti Cuccolo Fuori di Faenza,Faenza,no,Tancredi Liverani,Mulino di Batticuccolo ,,,,44.27945,11.87607
219212,Album 6,68,Veduta del Mulino Vecchio di S. Ippolito Faenza come nell'anno 1848,Faenza,no,Tancredi Liverani,Mulino Sant’Ippolito,,,,,
219491,Album 7,56,Veduta esterna di Porta Pia,Faenza,no,Romolo Liverani,"non più esistente",https://bbcc.regione.emilia-romagna.it/pater/loadcard.do?id_card=205302#,205302,,,
219503,Album 7,68,Porta del Quadrone in Borgo,Faenza,no,Romolo Liverani,Non più esistente,https://bbcc.regione.emilia-romagna.it/pater/loadcard.do?id_card=205338#,205338,,,
219504,Album 7,69,Ponte delle Torri,Faenza,no,Romolo Liverani,Non più esistente,https://bbcc.regione.emilia-romagna.it/pater/loadcard.do?id_card=205339#,205339,,,
219472,Album 7,36,Chiostro di Santa Chiara,Faenza,no,Romolo Liverani,ora assorbito nel complesso di piazza Rampi,https://bbcc.regione.emilia-romagna.it/pater/loadcard.do?id_card=205259#,205259,,,
219601,Album 10bis,36,Cortile Case Manfredi,Faenza,si,Romolo Liverani,ora in forte degrado,https://bbcc.regione.emilia-romagna.it/pater/loadcard.do?id_card=232005#,232005,,44.28396,11.88476
219609,Album 10bis,46,Villa Gessi,Faenza,,Romolo Liverani,Parco con angolo del lago di villa Gessi a Sarna,https://bbcc.regione.emilia-romagna.it/pater/loadcard.do?id_card=232047#,232047,,44.24956,11.84391
219485,Album 7,49,Borgo Durbecco,Faenza,,Romolo Liverani,Parte del Borgo Durbecco visto dalla Torretta,https://bbcc.regione.emilia-romagna.it/pater/loadcard.do?id_card=205291#,205291,,,
1238,Album 8,6,Rocca di Brisighella,Brisighella,si,Romolo Liverani,Passaggio sotterraneo,https://bbcc.regione.emilia-romagna.it/pater/loadcard.do?id_card=230340#,230340,,44.22467,11.77073
219496,Album 7,61,Piazza del Vescovado,Faenza,si,Romolo Liverani,Piazzetta del Vescovado vista dal loggiato del Seminario,https://bbcc.regione.emilia-romagna.it/pater/loadcard.do?id_card=205313#,205313,,,
219569,Album 10bis,4,crollo del Ponte delle Torri,Faenza,no,Romolo Liverani,Ponte delle torri di Faenza dopo la caduta del 1842,https://bbcc.regione.emilia-romagna.it/pater/loadcard.do?id_card=231851#,231851,,44.28404,11.88775
219211,Album 6,67,Veduta della Porta detta della Candiana fuori del Borgo Durbecco Faenza,Faenza,no,Tancredi Liverani,Porta Candiana in Borgo,,,,,
219219,Album 6,81,Veduta degli avanzi del Quadrone dalla parte del Borgo Durbecco Faenza Porta della Candiana,Faenza,no,Tancredi Liverani,Porta del Quadrone in Borgo,,,,,
219220,Album 6,82,Veduta del Portico del Pozzo dei Frati Minori Osservanti Faenza,Faenza,no,Tancredi Liverani,Portico Osservanza,,,,,
219487,Album 7,52,Chiesa dell’Osservanza,Faenza,no,Romolo Liverani,precedente,https://bbcc.regione.emilia-romagna.it/pater/loadcard.do?id_card=205297#,205297,,44.28025,11.87193
219488,Album 7,53,Chiesa dell’Osservanza,Faenza,no,Romolo Liverani,precedente,https://bbcc.regione.emilia-romagna.it/pater/loadcard.do?id_card=205298#,205298,,44.28025,11.87193
219581,Album 10bis,16,Villa Gessi,Faenza,no,Romolo Liverani,precedente l'attuale,https://bbcc.regione.emilia-romagna.it/pater/loadcard.do?id_card=231954#,231954,,44.24956,11.84391
219189,Album 6,38,Veduta del Portico della Chiesa della Osservanza in Faenza,Faenza,no,Tancredi Liverani,precedente l'attuale,,,,44.28025,11.87193
219190,Album 6,39,Faenza. Veduta della Facciata della Chiesa della Osservanza,Faenza,no,Tancredi Liverani,precedente l'attuale,,,,44.28025,11.87193
219192,Album 6,41,Portico della Chiesa della Osservanza Faenza,Faenza,no,Tancredi Liverani,precedente l'attuale,,,,44.28025,11.87193
219193,Album 6,42,Portico della Osservanza Faenza,Faenza,si,Tancredi Liverani,precedente l'attuale,,,,44.28025,11.87193
219198,Album 6,47,Veduta del Secondo Chiostro dei Frati della Osservanza,Faenza,si,Tancredi Liverani,precedente l'attuale,,,,44.28025,11.87193
219494,Album 7,59,Chiesa dei Cappuccini,Faenza,no,Romolo Liverani,"precedente l'attuale",https://bbcc.regione.emilia-romagna.it/pater/loadcard.do?id_card=205306#,205306,,,
219438,Album 7,2,Villa Gessi,Faenza,no,Romolo Liverani,precedente l’attuale,https://bbcc.regione.emilia-romagna.it/pater/loadcard.do?id_card=205136#,205136,"Veduta di giardino con salice piangente presso la Villa Gessi di Sarna, Faenza",44.24956,11.84391
219439,Album 7,3,Villa Gessi,Faenza,no,Romolo Liverani,precedente l’attuale,https://bbcc.regione.emilia-romagna.it/pater/loadcard.do?id_card=205137#,205137,,44.24956,11.84391
219440,Album 7,4,Villa Gessi,Faenza,no,Romolo Liverani,precedente l’attuale,https://bbcc.regione.emilia-romagna.it/pater/loadcard.do?id_card=205138#,205138,,44.24956,11.84391
219280,Album 5,92,Convento dei Servi di Faenza,Faenza,si,Romolo Liverani,"Prospettiva di corridoio e scala presso il convento dei Servi di Faenza, Scorcio di corridoio presso il convento dei Servi di Faenza",https://bbcc.regione.emilia-romagna.it/pater/loadcard.do?id_card=213192#,213192,,44.28433,11.88532
219279,Album 5,91,Convento dei Servi di Faenza,Faenza,si,Romolo Liverani,"Prospettiva di corridoio presso il convento dei Servi di Faenza.",https://bbcc.regione.emilia-romagna.it/samira/link/gyztcnrr,213126,,44.28433,11.88532
219281,Album 5,93,Convento dei Servi di Faenza,Faenza,si,Romolo Liverani,Prospettiva di ingresso a due porticati presso il convento dei Servi di Faenza.,https://bbcc.regione.emilia-romagna.it/pater/loadcard.do?id_card=213135#,213135,,44.28433,11.88532
219571,Album 10bis,6,crollo del Ponte delle Torri,Faenza,no,Romolo Liverani,Ruderi del ponte delle Torri di Faenza dopo la caduta visti dal centro del fiume,https://bbcc.regione.emilia-romagna.it/pater/loadcard.do?id_card=231904#,231904,,44.28404,11.88775
219572,Album 10bis,7,crollo del Ponte delle Torri,Faenza,no,Romolo Liverani,Ruderi del ponte delle Torri di Faenza visti dal borgo Durbecco,https://bbcc.regione.emilia-romagna.it/pater/loadcard.do?id_card=231905#,231905,,44.28404,11.88775
219576,Album 10bis,11,crollo del Ponte delle Torri,Faenza,no,Romolo Liverani,Ruderi del ponte delle Torri di Faenza visti dal borgo Durbecco,https://bbcc.regione.emilia-romagna.it/pater/loadcard.do?id_card=231938#,231938,,44.28404,11.88775
219573,Album 10bis,8,crollo del Ponte delle Torri,Faenza,no,Romolo Liverani,Ruderi del ponte delle Torri di Faenza visti dal centro del fiume verso le colline,https://bbcc.regione.emilia-romagna.it/pater/loadcard.do?id_card=231906#,231906,,44.28404,11.88775
219574,Album 10bis,9,crollo del Ponte delle Torri,Faenza,no,Romolo Liverani,Ruderi del ponte delle Torri di Faenza visti dal centro del fiume verso valle,https://bbcc.regione.emilia-romagna.it/pater/loadcard.do?id_card=231907#,231907,,44.28404,11.88775
219579,Album 10bis,14,crollo del Ponte delle Torri,Faenza,no,Romolo Liverani,Ruderi del ponte delle Torri di Faenza visti dal rivalino del fiume,https://bbcc.regione.emilia-romagna.it/pater/loadcard.do?id_card=231948#,231948,,44.28404,11.88775
219575,Album 10bis,10,crollo del Ponte delle Torri,Faenza,no,Romolo Liverani,Ruderi del ponte delle Torri di Faenza visti dalla porta della città,https://bbcc.regione.emilia-romagna.it/pater/loadcard.do?id_card=231908#,231908,,44.28404,11.88775
219577,Album 10bis,12,crollo del Ponte delle Torri,Faenza,no,Romolo Liverani,Ruderi del ponte delle Torri di Faenza visti dalla prima torre del ponte stesso,https://bbcc.regione.emilia-romagna.it/pater/loadcard.do?id_card=231939#,231939,,44.28404,11.88775
219578,Album 10bis,13,crollo del Ponte delle Torri,Faenza,no,Romolo Liverani,Ruderi del ponte delle Torri di Faenza visti dalla strada del borgo Durbecco,https://bbcc.regione.emilia-romagna.it/pater/loadcard.do?id_card=231940#,231940,,44.28404,11.88775
219570,Album 10bis,5,"crollo del Ponte delle Torri",Faenza,no,Romolo Liverani,Ruderi del ponte di Faenza dopo la caduta visti dalle mura di S. Ippolito,https://bbcc.regione.emilia-romagna.it/pater/loadcard.do?id_card=231903#,231903,,44.28404,11.88775
219588,Album 10bis,23,Campata del portico di San Maglorio,Faenza,si,Romolo Liverani,sala a sx della biglietteria MIC,https://bbcc.regione.emilia-romagna.it/samira/link/gyztcnbu,231973,tra veduta interna nel monastero di S. Maglorio. Porticato terreno che sorregge i cameri[ni?] della biancheria con vista orto e frutti come nel 1856.,44.2888849 ,11.8811190 
219458,Album 7,22,Canale di scolo delle acque detto Chiavicone dei Servi,Faenza,no,Romolo Liverani,"Scolava le acque iniziando dalla piazza, lungo via Torricelli, per via Manfredi e per l'ultimo tratto di via Porta Ponte",https://bbcc.regione.emilia-romagna.it/pater/loadcard.do?id_card=205206#,205206,,,
219197,Album 6,46,Veduta della Croce dei Cappuccini di Faenza,Faenza,si,Tancredi Liverani,Secondo chiostro dell’Osservanza,,,,,
219587,Album 10bis,22,"San Maglorio, convento",Faenza,si,Romolo Liverani,si intravvede il cortile di MIC,https://bbcc.regione.emilia-romagna.it/samira/link/gyztcnbr,231972,"Altra veduta interna del convento di San Maglorio con il lavatoio, Faenza",44.2888849 ,11.8811190 
219502,Album 7,67,Mura della Ganga (visibili abside e campanile San Domenico),Faenza,si,Romolo Liverani,"Si riconoscono in questa tavola la parte absidale e il campanile di S. Domenico: a sinistra si notano la parte terminale della Ganga e la torretta con archi (ancora esistente), che era adiacente all'antico Filatoio comunale e forse adibita all'uso del medesimo. La Ganga era la strada che proseguiva da via del Filatoio (attuale corso Baccarini) e terminava sulle mura.",https://bbcc.regione.emilia-romagna.it/pater/loadcard.do?id_card=205336#,205336,,,
219444,Album 7,8,Villa Zavoli detta Serra,Castel Bolognese,si,Romolo Liverani,"Stanzone degli Aranci e giardino di villa Zavoli detta Serra, fuori Faenza",https://bbcc.regione.emilia-romagna.it/pater/loadcard.do?id_card=205147#,205147,,,
219447,Album 7,11,Villa Zavoli detta Serra,Castel Bolognese,si,Romolo Liverani,Stele funeraria presso San Bartolo alla Villa Serra,https://bbcc.regione.emilia-romagna.it/pater/loadcard.do?id_card=205177#,205177,"Stele funeraria romana incastonata ad una parete presso San Bartolo alla Villa Serra, fuori Faenza",,
PA1886,Album 14,24,Sotto le mura del macello ,Faenza,,Romolo Liverani,tratto di via Lapi precedente il torrione,,,,,
219451,Album 7,15,Mulino di Batticuccolo,Faenza,si,Romolo Liverani,"vedi 6, 80",https://bbcc.regione.emilia-romagna.it/pater/loadcard.do?id_card=205185#,205185,,,
219614,Album 10bis,51,"Veduta della villa Bucci, colline di Faenza e villa Rotonda",Faenza,si,Romolo Liverani,Veduta dalla Villa Fregua (poi Bucci),https://bbcc.regione.emilia-romagna.it/pater/loadcard.do?id_card=232053#,232053,,44.28013,11.8571
219234,Album 6,99,"Cortile e parco del Cappuccini",Faenza,no,Tancredi Liverani,Veduta del Campanile e Fianco della Chiesa di Frati Cappucini,,,,,
219233,Album 6,98,Cortile e parco del Cappuccini,Faenza,no,Tancredi Liverani,Veduta del Cortile e Pozzo di Frati Cappucini,,,,,
219516,Album 7,51,San Maglorio,Faenza,si,Romolo Liverani,Veduta del cortile ed atrio della chiesa delle monache di S. Maglorio,https://bbcc.regione.emilia-romagna.it/samira/link/gyztcnrs,205346,,44.2888849 ,11.8811190 
PA1875,Album 14,12,Porta Montanara,Faenza,,Romolo Liverani,Veduta del Gioco del Pallone fuori di Porta Montanara e del introduzione al Paseggio in Faenza,,,,,
219481,Album 7,45,Chiostro dei frati Zoccolanti,Faenza,,Romolo Liverani,Veduta del primo chiostro dei frati Zoccolanti fuori Faenza,https://bbcc.regione.emilia-romagna.it/pater/loadcard.do?id_card=205278#,205278,,,
219506,Album 7,71,Casa Mazzolani,Faenza,si,Romolo Liverani,Veduta dell'atrio nel palazzo di Casa Mazzolani,https://bbcc.regione.emilia-romagna.it/pater/loadcard.do?id_card=205343#,205343,,,
219449,Album 7,13,Fabbrica da carta,Faenza,,Romolo Liverani,Veduta della Fabbrica di carta fuori Faenza 3 Miglia,https://bbcc.regione.emilia-romagna.it/samira/link/gyytsnzu,205179,,,
219436,Album 7,1,Villa Rotonda,Faenza,si,Romolo Liverani,"Veduta della Rotonda Villeggiatura di casa Laderchi. Fuori di Porta Montanara dalle Bocche dei Canali, Faenza ",https://bbcc.regione.emilia-romagna.it/samira/link/gyytsnzs,205121,,44.27624,11.84744
219235,Album 6,100,Villa Rotonda,Faenza,si,Tancredi Liverani,"Veduta della Rotonda, Attuale villa Laderchi",,,,44.27624,11.84744
219448,Album 7,12,Capella di S. Prospero (Piccolo oratorio all’inizio di via Castel Raniero),Faenza,no,Romolo Liverani,"Veduta di S.Prospero alle Bocche dei Canali fuori di Faenza",https://bbcc.regione.emilia-romagna.it/samira/link/gyytsnzt,205178,"""Sarà utile sottolineare che il tempietto, che nella prima metà del secolo XIX risulta di proprietà Bandini Rosa, poi Caldesi, pare demolito fra 1880 e 1888, in occasione dell'approntamento della linea ferroviaria Faenza - Firenze, ma in seguito ricostruito poco distante, probabilmente dai subentrati proprietari Rossi che ristrutturarono anche la villa attign;la seconda gueffa mondiale ha poi segnato la fine dell'oratorio che, rispetto al precedente) eîa più a Nord, verso lavia Ospitalacci.""",,
219459,Album 7,23,Porta Ponte e casa del tintore Parsona,Faenza,no,Romolo Liverani,"Veduta esterna di Porta Ponte e della casa del tintore Parsona, demolita nel 1907",https://bbcc.regione.emilia-romagna.it/pater/loadcard.do?id_card=205207#,205207,,,
219495,Album 7,60,Santa Maria foris portam,Faenza,si,Romolo Liverani,Veduta esterna di S. Maria ad Nives anticamente S. Maria Fuori della Porta,https://bbcc.regione.emilia-romagna.it/pater/loadcard.do?id_card=205308#,205308,,,
219606,Album 10bis,41,Cortile e retro dell'osteria della Pagnocca,Faenza,,Romolo Liverani,Veduta notturna del cortile e retro dell'osteria della Pagnocca,https://bbcc.regione.emilia-romagna.it/pater/loadcard.do?id_card=232038#,232038,,44.28464,11.88275
219486,Album 7,50,Osservanza e Saleggi fuori Faenza,Faenza,,Romolo Liverani,Veduta posteriore dell'Osservanza e dei Saleggi fuori Faenza,https://bbcc.regione.emilia-romagna.it/pater/loadcard.do?id_card=205292#,205292,,44.28025,11.87193
219500,Album 7,65,Santa Maria ad Nives,Faenza,si,Romolo Liverani,Veduta posteriore e fianco di Santa Maria ad Nives,https://bbcc.regione.emilia-romagna.it/pater/loadcard.do?id_card=205147#,205147,,,
1234,Album 8,2,Rocca di Brisighella,Brisighella,si,Romolo Liverani,Veduta retrostante della Rocca di Brisighella,https://bbcc.regione.emilia-romagna.it/pater/loadcard.do?id_card=230323#,230323,,44.22467,11.77073
219607,Album 10bis,43,Casino di casa Gessi a Sarna,Faenza,,Romolo Liverani,verso del disegno,https://bbcc.regione.emilia-romagna.it/pater/loadcard.do?id_card=232040#,232040,,44.24956,11.84391
219509,Album 7,74,Esterno di Porta Imolese,Faenza,si,Romolo Liverani,verso l’attuale parco della Rocca,https://bbcc.regione.emilia-romagna.it/pater/loadcard.do?id_card=205356#,205356,,44.28942,11.87452
219454,Album 7,18,"Lungo le mura del Macello",Faenza,no,Romolo Liverani,"via Mura Torelli, non riconoscibile",https://bbcc.regione.emilia-romagna.it/pater/loadcard.do?id_card=205189#,205189,,,
219598,Album 10bis,33,Strada dietro al teatro con vista dei portici,Faenza,no,Romolo Liverani,"Via Severoli con i portici, portici demoliti",https://bbcc.regione.emilia-romagna.it/pater/loadcard.do?id_card=232002#,232002,,44.28522,11.8816
219613,Album 10bis,50,Veduta dal casino Bucci,Faenza,si,Romolo Liverani,"Villa Fregua poi Bucci",https://bbcc.regione.emilia-romagna.it/pater/loadcard.do?id_card=232051#,232051,,44.28013,11.8571
219236,Album 6,101,Villa Gessi,Faenza,no,Tancredi Liverani,Villa Gessi in Sarna,,,,44.24956,11.84391
219206,Album 6,58,Casino (Villa la Rotonda),Faenza,si,Tancredi Liverani,Villa La Rotonda,,,,44.27624,11.84744
219213,Album 6,69,Veduta del Casino la Rotonda dalla parte posteriore fuori di Faenza,Faenza,si,Tancredi Liverani,Villa La Rotonda,,,,44.27624,11.84744
PA1874,Album 14,11,Piazza Maggiore di Faenza,Faenza,si,Romolo Liverani,vista dal Palazzo Laderchi,,,,44.286219,11.884058
219511,Album 7,76,La piazza Maggiore,Faenza,si,Romolo Liverani,vista dalla loggia di Palazzo Zauli Naldi,https://bbcc.regione.emilia-romagna.it/pater/loadcard.do?id_card=205367#,205367,,,
1236,Album 8,4,Vista di Brisighella,Brisighella,si,Romolo Liverani,Vista di Brisighella,https://bbcc.regione.emilia-romagna.it/pater/loadcard.do?id_card=230337#,230337,,44.22467,11.77073
219567,Album 10bis,2,Cortile di casa Zauli in piazza,Faenza,no,Romolo Liverani,,https://bbcc.regione.emilia-romagna.it/pater/loadcard.do?id_card=231833#,231833,,,
219568,Album 10bis,3,Ponte delle torri di Faenza come si trovava nel 1631,Faenza,no,Romolo Liverani,,https://bbcc.regione.emilia-romagna.it/pater/loadcard.do?id_card=231849#,231849,,44.28404,11.88775
219580,Album 10bis,15,Portico Osservanza,Faenza,si,Romolo Liverani,,https://bbcc.regione.emilia-romagna.it/pater/loadcard.do?id_card=231949#,231949,,44.28025,11.87193
219590,Album 10bis,25,Cortile del pozzo del monastero di San Maglorio,Faenza,si,Romolo Liverani,,https://bbcc.regione.emilia-romagna.it/samira/link/gyztcnby,231978,,44.2888849 ,11.8811190 
219596,Album 10bis,31,Osservanza,Faenza,si,Romolo Liverani,,https://bbcc.regione.emilia-romagna.it/pater/loadcard.do?id_card=231997#,231997,,44.28025,11.87193
219597,Album 10bis,32,"Osservanza",Faenza,si,Romolo Liverani,,https://bbcc.regione.emilia-romagna.it/pater/loadcard.do?id_card=231998#,231998,,44.28025,11.87193
219600,Album 10bis,35,Ponte Rosso sul fiume Lamone,Faenza,,Romolo Liverani,,https://bbcc.regione.emilia-romagna.it/pater/loadcard.do?id_card=232004#,232004,,44.27817,11.87837
219602,Album 10bis,37,Cimitero della chiesa arcipretale di Sarna,Faenza,,Romolo Liverani,,https://bbcc.regione.emilia-romagna.it/pater/search.do?type=&group=GROUP0&customquery=*%3A*+-TYPE%3An+-TYPE%3Aeca+-TYPE%3Abib+-TYPE%3Aaut&value%28ANY%29=Cimitero+della+chiesa+arcipretale+di+Sarna#,232023,,44.24105,11.83145
219607,Album 10bis,42,Sagrestia della chiesa dell'Osservanza,Faenza,,Romolo Liverani,,https://bbcc.regione.emilia-romagna.it/pater/loadcard.do?id_card=232040#,232040,,44.28025,11.87193
219608,Album 10bis,44,"Magazzino di casa Tempieri",Faenza,,Romolo Liverani,,https://bbcc.regione.emilia-romagna.it/pater/loadcard.do?id_card=231849#,,,,
219566,Album 10bis,1bis,Rocca di Faenza,Faenza,,Romolo Liverani,,https://bbcc.regione.emilia-romagna.it/pater/loadcard.do?id_card=231832#,231832,,44.28874,11.87428
219586,Album 10bis,21,"San Maglorio, convento",Faenza,si,Romolo Liverani,,https://bbcc.regione.emilia-romagna.it/samira/link/gyztcnbx,231970,"veduta interna del convento delle monache di S. Maglorio e della chiesina che nell'interno, sotto terra, vi si trova una piccola stanza o buca dove si dice si nascondesse e stesse il Beato Nevolone faentino protettore dei calzolai a fare orazione ed ivi trovato morto, 1856.",44.2888849 ,11.8811190 
218833,Album 2,39,"Atrio di torre, bozzetto scenico (Voltone della Molinella)",Faenza,,Romolo Liverani,,https://bbcc.regione.emilia-romagna.it/pater/loadcard.do?id_card=205498#,205498,,44.28556,11.88244
218867,Album 2,73,Brisighella rocca,Brisighella,si,Romolo Liverani,,https://bbcc.regione.emilia-romagna.it/pater/loadcard.do?id_card=205728#,205728,,44.22467,11.77073
218868,Album 2,74,Brisighella rocca,Brisighella,si,Romolo Liverani,,https://bbcc.regione.emilia-romagna.it/pater/loadcard.do?id_card=205730#,205730,,44.22467,11.77073
218869,Album 2,75,Brisighella rocca,Brisighella,si,Romolo Liverani,,https://bbcc.regione.emilia-romagna.it/pater/loadcard.do?id_card=205731#,205731,,44.22467,11.77073
218870,Album 2,76,Brisighella rocca,Brisighella,si,Romolo Liverani,,https://bbcc.regione.emilia-romagna.it/pater/loadcard.do?id_card=205732#,205732,,44.22467,11.77073
218871,Album 2,77,"Brisighella, il voltone da via Fossa alla piazzetta del Suffragio",Brisighella,si,Romolo Liverani,,https://bbcc.regione.emilia-romagna.it/pater/loadcard.do?id_card=205733#,205733,,,
218872,Album 2,78,Veduta di Brisighella venendo dal campo-santo,Brisighella,si,Romolo Liverani,,https://bbcc.regione.emilia-romagna.it/pater/loadcard.do?id_card=205738#,205738,,,
897,Album 2,85,"Brisighella, Pieve Thò, lunetta (attuale paliotto altare)",Brisighella,si,Romolo Liverani,,https://bbcc.regione.emilia-romagna.it/pater/loadcard.do?id_card=206947#,206947,,44.21446,11.75294
897,Album 2,87,"Brisighella, Pieve Thò",Brisighella,si,Romolo Liverani,,https://bbcc.regione.emilia-romagna.it/pater/loadcard.do?id_card=206947#,206947,,44.21446,11.75294
898,Album 2,86,"Brisighella, veduta con i tre colli",Brisighella,si,Romolo Liverani,,https://bbcc.regione.emilia-romagna.it/pater/loadcard.do?id_card=206948#,206948,,44.22467,11.77073
218893,Album 2,102,Veduta del monte della Querzola con vista del castello di Rontana e di monte Mauro sopra Castel Bolognese,,,Romolo Liverani,,https://bbcc.regione.emilia-romagna.it/pater/loadcard.do?id_card=205794&force=1#,205794,,44.22194,11.7433
219200,Album 6,49,"""Piazza"" Forse Castel Bolognese",Castel Bolognese,,Tancredi Liverani,,,,,44.31896,11.79926
219202,Album 6,51,Veduta Casino Molina. Faenza,Faenza,,Tancredi Liverani,,,,,,
219210,Album 6,66,Veduta di una parte del ponte di Faenza,Faenza,no,Tancredi Liverani,,,,,,
219217,Album 6,79,Veduta di Strada Romoaldi sotto le mura nel Borgo Durbecco Faenza,Faenza,,Tancredi Liverani,,,,,,
219222,Album 6,85,Veduta del Avanzo del Ponte di Faenza,Faenza,no,Tancredi Liverani,,,,,,
219223,Album 6,86,Altra veduta del Ponte,Faenza,no,Tancredi Liverani,,,,,,
219225,Album 6,88,Veduta del Sostegno dal Canale Naviglio di Faenza,Faenza,,Tancredi Liverani,,,,,,
219452,Album 7,16,Porta Ravegnana,Faenza,no,Romolo Liverani,,https://bbcc.regione.emilia-romagna.it/pater/loadcard.do?id_card=205186#,205186,,,
219453,Album 7,17,Porta Montanara,Faenza,no,Romolo Liverani,,https://bbcc.regione.emilia-romagna.it/pater/loadcard.do?id_card=205187#,205187,,,
219457,Album 7,21,Piazza della Molinella,Faenza,si,Romolo Liverani,,https://bbcc.regione.emilia-romagna.it/pater/loadcard.do?id_card=205205#,205205,,,
219460,Album 7,24,Il Ponte,Faenza,no,Romolo Liverani,,https://bbcc.regione.emilia-romagna.it/pater/loadcard.do?id_card=205208#,205208,,,
219462,Album 7,26,"Strada di circonvallazione sulle rive del Lamone, quasi dirimpetto dove sbocca il Fiumetto",Faenza,no,Romolo Liverani,,https://bbcc.regione.emilia-romagna.it/pater/loadcard.do?id_card=205217#,205217,,,
219463,Album 7,27,Stradone detto dei Cappuccini fuori Faenza,Faenza,no,Romolo Liverani,,https://bbcc.regione.emilia-romagna.it/pater/loadcard.do?id_card=205220#,205220,,,
219464,Album 7,28,Piazza del Vescovado,Faenza,si,Romolo Liverani,,https://bbcc.regione.emilia-romagna.it/pater/loadcard.do?id_card=205221#,205221,,,
219465,Album 7,29,Piazza e Palazzo del Vescovado,Faenza,si,Romolo Liverani,,https://bbcc.regione.emilia-romagna.it/pater/loadcard.do?id_card=205253#,205253,,,
219466,Album 7,30,Chiesa della Commenda,Faenza,si,Romolo Liverani,,https://bbcc.regione.emilia-romagna.it/pater/loadcard.do?id_card=205254#,205254,,,
219467,Album 7,31,Mulino vecchio fuori delle mura di S. Ippolito,Faenza,,Romolo Liverani,,https://bbcc.regione.emilia-romagna.it/pater/loadcard.do?id_card=205220#,205220,,,
219468,Album 7,32,Carceri pubbliche dette di S. Domenico,Faenza,no,Romolo Liverani,,https://bbcc.regione.emilia-romagna.it/pater/loadcard.do?id_card=205256#,205256,,,
219469,Album 7,33,Mulino vecchio di fianco all’abside di Sant’Ippolito,Faenza,si,Romolo Liverani,,https://bbcc.regione.emilia-romagna.it/pater/loadcard.do?id_card=205258#,205258,,,
219470,Album 7,34,Veduta mulino e Particolare di un panorama del centro città dall’alto,Faenza,no,Romolo Liverani,,https://bbcc.regione.emilia-romagna.it/pater/loadcard.do?id_card=205264#,205264,,,
219471,Album 7,35,Rovine del castello di Riolo fuori Faenza,Faenza,si,Romolo Liverani,,https://bbcc.regione.emilia-romagna.it/pater/loadcard.do?id_card=205266#,205266,,,
219474,Album 7,38,Piazzetta della Penna,Faenza,si,Romolo Liverani,,https://bbcc.regione.emilia-romagna.it/pater/loadcard.do?id_card=205262#,205262,,,
219475,Album 7,39,Cortile della cisterna dei frati cappuccini fuori Faenza,Faenza,,Romolo Liverani,,https://bbcc.regione.emilia-romagna.it/pater/loadcard.do?id_card=205268#,205268,,,
219476,Album 7,40,Bocche dei Canali,Faenza,si,Romolo Liverani,,https://bbcc.regione.emilia-romagna.it/pater/loadcard.do?id_card=205269#,205269,,,
219477,Album 7,41,Casa Monti poi Tassinari in piazzetta Santa Lucia,Faenza,si,Romolo Liverani,,https://bbcc.regione.emilia-romagna.it/pater/loadcard.do?id_card=205271#,205271,,,
219479,Album 7,43,Rio della Cerchia,Faenza,,Romolo Liverani,,https://bbcc.regione.emilia-romagna.it/pater/loadcard.do?id_card=205269#,205269,,,
219480,Album 7,44,Chiesa di San Rocco,Faenza,si,Romolo Liverani,,https://bbcc.regione.emilia-romagna.it/pater/loadcard.do?id_card=205276#,205276,,,
219484,Album 7,48,Atrio di San Maglorio,Faenza,no,Romolo Liverani,,https://bbcc.regione.emilia-romagna.it/pater/loadcard.do?id_card=205290#,205290,,44.2888849 ,11.8811190 
219489,Album 7,54,Celletta dopo l'Osservanza sulla strada di Brisighella,Brisighella,,Romolo Liverani,,https://bbcc.regione.emilia-romagna.it/pater/loadcard.do?id_card=205300#,205300,,44.28025,11.87193
219492,Album 7,57,Mulino vecchio fuori delle mura di S. Ippolito,Faenza,no,Romolo Liverani,,https://bbcc.regione.emilia-romagna.it/pater/loadcard.do?id_card=205304#,205304,,,
219498,Album 7,63,Canale del mulino vecchio fuori le mura di S. Ippolito,Faenza,no,Romolo Liverani,,https://bbcc.regione.emilia-romagna.it/pater/loadcard.do?id_card=205316#,205316,,,
219499,Album 7,64,Borghetto fuori di Porta Ravegnana,Faenza,,Romolo Liverani,,https://bbcc.regione.emilia-romagna.it/pater/loadcard.do?id_card=205317#,205317,,,
219501,Album 7,66,Chiesa San Rocco,Faenza,si,Romolo Liverani,,https://bbcc.regione.emilia-romagna.it/pater/loadcard.do?id_card=205334#,205334,,,
219505,Album 7,70,Ingresso San Maglorio,Faenza,si,Romolo Liverani,,https://bbcc.regione.emilia-romagna.it/pater/loadcard.do?id_card=205341#,205341,,44.2888849 ,11.8811190 
219507,Album 7,72,Ponte con le torri,Faenza,no,Romolo Liverani,,https://bbcc.regione.emilia-romagna.it/pater/loadcard.do?id_card=205348#,205348,,,
219508,Album 7,73,Il ponte provenendo dal centro,Faenza,no,Romolo Liverani,,https://bbcc.regione.emilia-romagna.it/pater/loadcard.do?id_card=205355#,205355,,,
219513,Album 7,78,Canale dietro S. Ippolito fuori dalle mura,Faenza,no,Romolo Liverani,,https://bbcc.regione.emilia-romagna.it/pater/loadcard.do?id_card=205372#,205372,,,
219515,Album 7,80,Stradello dei Cappucini,Faenza,no,Romolo Liverani,,https://bbcc.regione.emilia-romagna.it/pater/loadcard.do?id_card=205377#,205377,,,
1233,Album 8,1,Rocca di Brisighella,Brisighella,si,Romolo Liverani,,https://bbcc.regione.emilia-romagna.it/samira/link/gyztcnrt,230321,,44.22467,11.77073
219524,Album 11,8,Veduta con Sant'Ippolito e San Francesco in distanza,Faenza,,Romolo Liverani,,,,,,
219528,Album 11,12,Cortile di Palazzo Milzetti con la capanna rustica,Faenza,,Romolo Liverani,,,,,,
219521,Album 11,4,S. Appollinare e della Torraccia di Riolo dei Fichi,Oriolo dei Fichi,si,Romolo Liverani,,,,,,
219522,Album 11,6,"Torre di Riolo dei Fichi, S. Biaggio, Faenza, S.Appollinare",Oriolo dei Fichi,si,Romolo Liverani,,,,,,
219523,Album 11,7,"Torre di RIolo dei FIchi, S. Biaggio, Faenza, S.Appollinare",Oriolo dei Fichi,si,Romolo Liverani,,,,,,
219526,Album 11,10,Porta Imolese,Faenza,no,Romolo Liverani,,,,,44.28942,11.87452
PA1876,Album 14,,,Faenza,,Romolo Liverani,,,,,,
PA1877,Album 14,13,Porta Imolese,Faenza,no,Romolo Liverani,,,,,44.28942,11.87452
PA1878,Album 14,14,Veduta di un cortile Remoto nel convento dei Domenicani in Faenza,Faenza,,Romolo Liverani,,,,,,
PA1879,Album 14,15,Chiesa di S. Agostino ,Faenza,,Romolo Liverani,,,,,,
PA1880,Album 14,16,Cortile remoto nel Convento dei frati Domenicani ,Faenza,,Romolo Liverani,,,,,,
PA1881,Album 14,17,Scala che conduce alla Sale del Tribunale S...nel Monastero dei Frati Domenicani,Faenza,,Romolo Liverani,,,,,,
PA1882,Album 14,19,Pezzo del Ospedale di Faenza visto dal mercato delle Bestie,Faenza,,Romolo Liverani,,,,,,
PA1883,Album 14,20,Esterno del Ospedale di Faenza visto dal mercato delle Bestie,Faenza,,Romolo Liverani,,,,,,
PA1885,Album 14,23,la Croce dei R. P. Cappucini venendo dalle ,Faenza,,Romolo Liverani,,,,,,
PA1887,Album 14,25,Veduta posteriore di San Francesco,Faenza,,Romolo Liverani,,,,,,
PA1888,Album 14,26,Chiesa detta del Cantone perche fatta dalla Nobile famiglia Cantoni,Faenza,,Romolo Liverani,,,,,,
PA1889,Album 14,,Villa La Rotonda con giardino e tempietto,,,Romolo Liverani,,,,,44.27624,11.84744
PA1890,Album 14,,Torraccio della Ganga (inizio via Manzoni da viale Baccarini),,,Romolo Liverani,,,,,,
PA1895,Album 14,,Via di Porta Montanara con San Bartolomeo,,,Romolo Liverani,,,,,,
PA1896,Album 14,,Chiesa di San Bartolomeo (con l’allora collegamento a Palazzo Zanelli),,,Romolo Liverani,,,,,,
PA1899,Album 14,,Chiesa di Santa Maria Nuova interno,,,Romolo Liverani,,,,,,
PA1902,Album 14,,"Chiesa di San Giovanni, esterno (non più esistente)",,,Romolo Liverani,,,,,,
PA1903,Album 14,,"Chiesa di San Francesco, facciata",,,Romolo Liverani,,,,,,
PA1905,Album 14,,"Campanile di Santa Maria ad Nives, interno",,,Romolo Liverani,,,,,,
PA1906,Album 14,,Chiesa di Santa Maria ad Nives,,,Romolo Liverani,,,,,,
PA1907,Album 14,,Altra parte del campanile di Santa Maria ad Nives,,,Romolo Liverani,,,,,,
s.n.,Album 14,,Ex Piazza dei Celestini con i Palazzi Cavina e Foschini,,,Romolo Liverani,,,,,,
PA1908,Album 14,,Abside della chiesa di Sant’Ippolito e le mura,,,Romolo Liverani,,,,,,
PA1910,Album 14,,Abside della chiesa di Sant’Agostino e del Carmine visti dalle mura,,,Romolo Liverani,,,,,,
PA1911,Album 14,,Esterno di porta Imolese con l’attuale piazza della Rocca,,,Romolo Liverani,,,,,44.28942,11.87452
PA1912,Album 14,,Chiesa dell’Osservanza interno,,,Romolo Liverani,,,,,44.28025,11.87193
PA1917,Album 14,,Chiesa dei Cappuccini interno (chiesa precedente l’attuale),,,Romolo Liverani,,,,,,
PA1918,Album 14,,Veduta di Faenza in distanza (con abside Chiesa di Sant’Ippolito e fianco,,,Romolo Liverani,,,,,,
PA1919,Album 14,,Chiostro del Convento di San Domenico,,,Romolo Liverani,,,,,,
PA1922,Album 14,,Abside Chiesa di Sant’Ippolito (dalle mura),,,Romolo Liverani,,,,,,
PA1923,Album 14,,Cappella della Concezione in San Francesco,,,Romolo Liverani,,,,,,
PA1924,Album 14,,Chiostro del Convento di San Francesco,,,Romolo Liverani,,,,,,
PA1926,Album 14,,"Chiesa di Sant’Ippolito, facciata",,,Romolo Liverani,,,,,,
PA1927,Album 14,,Veduta posteriore di Santa Maria ad Nives,,,Romolo Liverani,,,,,,
PA1928,Album 14,,Fianco di Santa Maria ad Nives (da via del Portello),,,Romolo Liverani,,,,,,
PA1929,Album 14,,Il Fontanone (provenendo da corso Mazzini),,,Romolo Liverani,,,,,,
PA1933,Album 14,,Strada della Monaldina (via Pascoli),,,Romolo Liverani,,,,,,
PA1934,Album 14,,Chiostro di Sant’Agostino,,,Romolo Liverani,,,,,,
PA1940,Album 14,,Chiesa di San Domenico interno,,,Romolo Liverani,,,,,,
PA1941,Album 14,,Bocche dei Canali,,,Romolo Liverani,,,,,,
PA1942,Album 14,,Chiesa dei Servi interno,,,Romolo Liverani,,,,,44.28433,11.88532
PA1943,Album 14,,Cattedrale interno,,,Romolo Liverani,,,,,,
PA1945,Album 14,,Atrio di Palazzo Gessi,,,Romolo Liverani,,,,,44.24956,11.84391
PA1946,Album 14,,Porta Imolese (non più esistente),,,Romolo Liverani,,,,,44.28942,11.87452
PA1947,Album 14,,Strada di Porta Ponte (corso Saffi venendo dal Borgo),,,Romolo Liverani,,,,,,
PA1948,Album 14,,Il Fontanone (dallo Stradone),,,Romolo Liverani,,,,,,
PA1949,Album 14,,Teatro (la sala teatrale),,,Romolo Liverani,,,,,,
PA1951,Album 14,,Chiesa del Carmine facciata,,,Romolo Liverani,,,,,,
PA1952,Album 14,,Il Pubblico macello sulle mura (non più esistente),,,Romolo Liverani,,,,,,
PA1954,Album 14,,Monastero delle Mendicanti ( in via Varani non più esistente),,,Romolo Liverani,,,,,,
PA1956,Album 14,,Secondo atrio del Teatro con accesso alle scale,,,Romolo Liverani,,,,,,
PA1957,Album 14,,Il Teatro (la sala teatrale vista dal palcoscenico),,,Romolo Liverani,,,,,,
PA1958,Album 14,,Chiesa di Sant’Ippolito interno,,,Romolo Liverani,,,,,,
PA1959,Album 14,,Portico del Teatro,,,Romolo Liverani,,,,,,
PA1960,Album 14,,Chiesa di San Francesco interno,,,Romolo Liverani,,,,,,
,T. 1204,31,Candelabra nel coro piccolo del Duomo,,,,,,,,44.28594,11.88414
,T. 1204,53,"Disegni per lampade in ferro, una per la Cappella della Madonna delle Grazie in Cattedrale

(1856) e una per la Cappella dell’Immacolata all’Osservanza (1857)",,,,,,,,44.28594,11.88414
,T. 1204,56,Cancello per la Cappella dell’Immacolata all’Osservanza,,,,,,,,,
,T. 1204,57,Progetto della Residenza dell’Immacolata Concezione in San Francesco,,,,,,,,,
,T. 1204,69,Cancello della Cappella Spada in Cattedrale (1862),,,,,,,,44.28594,11.88414
,T. 1204,86,Candelabra nel coro del Duom,,,,,,,,44.28594,11.88414
,T. 1186,1,"Decorazioni casa c.te Rodolfo Zauli, 1831 (casa Zauli poi Graziani, c.so Matteotti angolo via Pier Maria Cavina)",,,,,,,,44.28444,11.88201
,T. 1186,2,"Decorazioni casa c.te Rodolfo Zauli, 1831 (casa Zauli poi Graziani, c.so Matteotti angolo via Pier Maria Cavina)",,,,,,,,,
,T. 1186,5,Stemmi di casati faentini,,,,,,,,,
,T. 1186,6,Stemmi di casati faentini,,,,,,,,,
,,16,Decorazioni villa Zanelli (distrutta),,,,,,,,,
,,17,Decorazioni casa Archi e Strocchi presso il Carmine,,,,,,,,,
,,18,,,,,,,,,,
,,25,,,,,,,,,,
,,30,,,,,,,,,,
,,31,,,,,,,,,,
,,36,,,,,,,,,,
,,37,,,,,,,,,,
,,39,,,,,,,,,,
,,43,,,,,,,,,,
,,44,,,,,,,,,,
,,45,,,,,,,,,,
,,46,,,,,,,,,,
,,47,,,,,,,,,,
,,48,,,,,,,,,,
,,49,,,,,,,,,,
,,50,,,,,,,,,,
,,51,,,,,,,,,,
,,52,,,,,,,,,,
,,53,,,,,,,,,,
,,54,,,,,,,,,,
,,56,,,,,,,,,,
,,57,,,,,,,,,,
,,58,,,,,,,,,,
,,59,,,,,,,,,,
,,60,,,,,,,,,,
,,61,,,,,,,,,,
,,62,,,,,,,,,,
,,64,,,,,,,,,,
,,65,,,,,,,,,,
,,66,,,,,,,,,,